ethnicity,AVG_LOS
OTHER,0.9260666593909264
BLACK/AFRICAN AMERICAN,6.867700040340424
WHITE,4.123054919062091
ASIAN,3.890050023794174
HISPANIC/LATINO - PUERTO RICAN,3.243066656589508
UNKNOWN/NOT SPECIFIED,4.510661611190209
UNABLE TO OBTAIN,13.357000350952148
AMERICAN INDIAN/ALASKA NATIVE FEDERALLY RECOGNIZED TRIBE,11.33715045452118
HISPANIC OR LATINO,7.459633429845174
