gender,AVG_LOS
M,3.5138301578898954
F,5.540071457151383
